TaskID,TaskAO,StationID,Team,Start,End,Duration
1,A,1,[41],0.0,0.0,0.0
2,A-1,0,[],0.0,0.0,0.0
3,AAQS00-0010,1,"[13, 93]",0.0,1.8066283769097582,1.8066283769097582
21,AJCP00-0150,2,"[47, 77]",0.0,1.1151475634949626,1.1151475634949626
19,AJCP00-0120,3,"[91, 75]",0.0,0.5290998220673235,0.5290998220673235
9,AJZY00-0020,1,"[40, 38]",0.0,1.1145756648928664,1.1145756648928664
28,AEQJ00-0080,3,"[21, 65]",0.0,55.41171452994578,55.41171452994578
18,AJCP00-0110,1,"[66, 51]",0.0,2.0805583113344257,2.0805583113344257
4,FAQJ00-3450,1,"[51, 12]",2.0805583113344257,4.975760655222437,2.8952023438880117
11,AJYY00-0050,1,"[27, 1]",1.1145756648928664,2.625109444571921,1.5105337796790548
27,AEQJ00-0010,5,"[4, 5]",0.0,7.990760421397138,7.990760421397138
29,AGQJ00-0010,5,"[15, 0]",0.0,4.287784670516092,4.287784670516092
5,FDQJ00-2000,1,"[66, 93]",2.0805583113344257,4.654724701033847,2.574166389699421
16,AJCP00-0100,2,"[77, 33]",1.1151475634949626,1.7626420332186892,0.6474944697237266
30,FJQJ00-0370,2,"[50, 22]",0.0,1.2315351242807884,1.2315351242807884
13,AJZY00-0060,4,"[87, 53]",0.0,1.2760993356513561,1.2760993356513561
26,AJQJ00-0200,2,"[59, 22]",1.2315351242807884,2.5006006330937494,1.269065508812961
7,AJYY00-0010,2,"[59, 22]",2.5006006330937494,3.672873097885187,1.1722724647914378
6,ABQJ00-0010,1,"[13, 93]",4.654724701033847,8.693070320767378,4.038345619733531
25,AJWB00-0190,3,"[81, 75]",0.5290998220673235,1.5322103764402855,1.003110554372962
31,ABHS00-2180,5,"[78, 42]",0.0,1.956393049342625,1.956393049342625
15,AJCP00-0090,3,"[35, 71]",0.5290998220673235,2.7522626124365925,2.223162790369269
10,AJZY00-0040,1,"[51, 38]",4.975760655222437,6.34661472974488,1.370854074522443
22,AJCP00-0160,3,"[35, 70]",2.7522626124365925,5.382762314054764,2.6304997016181715
14,AJZY00-0080,4,"[18, 32]",1.2760993356513561,2.638623485764363,1.3625241501130068
24,AJWB00-0180,4,"[32, 19]",2.638623485764363,3.644139872438455,1.005516386674092
17,AJCP00-0130,2,"[77, 59]",3.672873097885187,5.144517613393667,1.4716445155084799
20,AJCP00-0140,4,"[53, 87]",2.0805583113344257,3.4264443832563156,1.34588607192189
12,AJYY00-0070,5,"[42, 5]",7.990760421397138,9.408820103543928,1.4180596821467892
8,AJYY00-0030,3,"[81, 70]",5.382762314054764,6.7010601860225485,1.3182978719677845
23,AJCP00-0170,5,"[4, 42]",9.408820103543928,10.145287026018842,0.7364669224749143
32,A-2,0,[],55.41171452994578,55.41171452994578,0.0
43,AKCP00-0040,5,[78],55.41171452994578,56.653104108247945,1.2413895783021616
87,AQQS00-0160,5,[42],55.41171452994578,56.4744912507224,1.0627767207766183
158,ARWB00-0080,5,"[4, 29]",55.41171452994578,57.858809468716615,2.4470949387708316
90,AQWC00-0190,4,[18],55.41171452994578,56.33953283410229,0.92781830415651
56,AYWB00-0040,1,[66],55.41171452994578,60.1091978766866,4.6974833467408175
141,ENWCB1-0350,3,"[35, 81, 91, 21, 65]",55.41171452994578,57.52261625622792,2.110901726282137
128,ENHSB1-0330,1,[27],55.41171452994578,57.61016472701362,2.198450197067835
155,ARWB00-0050,5,"[42, 4]",57.858809468716615,60.66439787753065,2.8055884088140317
110,AEZY00-0430,3,[71],55.41171452994578,56.994757959045536,1.583043429099753
81,AQHS00-0100,2,[47],55.41171452994578,56.87037318808795,1.4586586581421699
140,ENHDB1-0220,2,[47],56.87037318808795,58.51136411057381,1.6409909224858552
154,ARWB00-0040,5,"[15, 29]",57.858809468716615,60.322236468648725,2.4634269999321106
101,AJWC00-0560,5,[78],56.653104108247945,57.10532459673156,0.4522204884836185
157,ARWB00-0070,5,"[4, 29]",60.66439787753065,63.11149281630148,2.4470949387708316
50,AWWB00-0030,4,[18],56.33953283410229,57.081787488487954,0.7422546543856612
46,AKCP00-0070,4,[53],55.41171452994578,57.03927332601605,1.627558796070268
161,ARWB00-0110,5,"[4, 5]",63.11149281630148,64.26678349899443,1.15529068269295
96,AJYY00-0270,5,[0],56.4744912507224,56.93633909223405,0.4618478415116485
124,ENHSB1-0380,2,[50],55.41171452994578,57.94632405449685,2.5346095245510654
160,ARWB00-0100,1,"[40, 13]",55.41171452994578,56.49429440181791,1.0825798718721273
130,ENWCB1-0370,4,[18],57.081787488487954,59.1229878018741,2.041200313386149
51,AWWC00-0040,3,[70],55.41171452994578,56.20096822125489,0.7892536913091064
109,AEQS00-0070,3,[75],56.20096822125489,56.755299845907885,0.5543316246529955
70,ACCP00-0070,4,[87],56.33953283410229,56.782547475670576,0.44301464156828274
123,ENWCB1-0390,2,"[47, 33]",58.51136411057381,60.73413041879139,2.2227663082175795
68,ACCP00-0050,3,[71],56.994757959045536,57.522439102078785,0.5276811430332486
57,AYWB00-0050,3,[75],56.755299845907885,60.63562088807148,3.880321042163594
121,EGZY00-0140,1,[51],56.49429440181791,58.00643566586893,1.5121412640510172
116,AGHXB3-0090,5,[15],60.322236468648725,62.367169669085115,2.0449332004363896
164,ARWB00-0140,2,"[33, 50]",60.73413041879139,62.09618287978727,1.3620524609958835
67,ACCP00-0040,5,[0],56.93633909223405,57.61221401500336,0.6758749227693102
115,AGHXB2-0080,1,[93],56.49429440181791,58.92332471286958,2.429030311051669
35,AFZG00-0120,2,"[77, 50, 33]",62.09618287978727,62.706942875273796,0.610759995486525
92,AJYY00-0230,1,[12],56.49429440181791,56.94072932469376,0.4464349228758522
137,ENHDB1-0250,4,[32],56.33953283410229,58.125043989440705,1.785511155338412
106,AEHS00-0040,4,[19],56.33953283410229,61.556118407178914,5.216585573076621
152,ARWB00-0020,5,"[15, 78]",62.367169669085115,64.76656306215307,2.399393393067953
113,DXHS00-0030,2,[47],60.73413041879139,61.645792066545425,0.9116616477540376
84,AQHS00-0130,4,"[53, 19]",61.556118407178914,63.121068311706296,1.5649499045273814
153,ARWB00-0030,2,"[77, 50]",62.706942875273796,65.6199969083898,2.9130540331159978
54,AWWB00-1600,5,[78],64.76656306215307,65.20991649052553,0.44335342837246117
114,AGHXB1-0070,4,[53],63.121068311706296,65.15551677647849,2.034448464772197
71,ACCP00-0080,5,[29],63.11149281630148,63.57746258151457,0.46596976521308875
120,AGWC00-0130,5,[4],64.26678349899443,66.28349000891617,2.0167065099217467
37,AFZG00-0140,3,"[70, 35, 71, 91, 21]",57.52261625622792,58.13666321230652,0.614046956078603
99,AJHS00-0300,4,[53],65.15551677647849,65.6946455905401,0.5391288140616126
107,AEQX00-0050,1,[93],58.92332471286958,60.13783986839542,1.214515155525838
75,AQHS00-0040,4,[53],65.6946455905401,66.8644534335316,1.1698078429914887
127,ENHSB1-0320,4,[87],56.782547475670576,58.37740014306723,1.5948526673966512
125,ENHSB1-0430,3,[65],57.52261625622792,59.60813708151158,2.085520825283659
52,AWWB00-0050,1,[27],57.61016472701362,58.58725374393199,0.9770890169183701
149,ENHSB1-0410,4,[87],58.37740014306723,60.32666460821684,1.9492644651496107
55,FWQJ00-1960,5,[78],65.20991649052553,65.91928198649184,0.7093654959663098
105,AEQS00-0030,2,[77],65.6199969083898,66.7740710776758,1.1540741692860053
163,ARWB00-0130,4,"[32, 18]",59.1229878018741,60.33412040648904,1.2111326046149387
112,DXHS00-0020,1,"[13, 38]",56.49429440181791,58.35141759216977,1.8571231903518566
118,AGHXB5-0110,5,[15],64.76656306215307,66.81149626258946,2.0449332004363896
126,ENHSB1-0310,1,[51],58.00643566586893,59.518576929919945,1.5121412640510172
129,ENHSB1-0340,1,[93],60.13783986839542,62.32396709042933,2.1861272220339103
64,ACZY00-0010,2,[50],65.6199969083898,66.5992778673,0.9792809589102092
138,ENHDB1-0240,3,[81],57.52261625622792,59.09841987349098,1.5758036172630625
136,ENHDB1-0260,1,[51],59.518576929919945,61.03071819397096,1.5121412640510172
33,AFQJ00-0100,3,"[35, 81, 91]",59.09841987349098,59.79694798263738,0.6985281091463946
145,ENHDB1-0180,4,[19],63.121068311706296,64.66038862803298,1.5393203163266804
94,AJYY00-0250,4,[19],64.66038862803298,66.6786085620808,2.0182199340478206
89,AQHD00-0180,4,[32],60.33412040648904,61.32607107462144,0.9919506681323966
83,AQHS00-0120,5,[15],66.81149626258946,68.44744284731607,1.6359465847266108
131,ENQSB1-0360,3,[81],59.79694798263738,61.7229302742801,1.9259822916427254
36,AFZG00-0130,2,"[47, 33, 59]",62.706942875273796,63.234837606446106,0.5278947311723101
60,AYQQ00-0080,2,[33],63.234837606446106,69.01107085163063,5.776233245184528
117,AGHXB4-0100,1,[66],60.1091978766866,62.34609481005228,2.236896933365678
93,AJZY00-0240,2,[50],66.5992778673,67.07163690069893,0.4723590333989307
156,ARWB00-0060,1,"[12, 38]",58.35141759216977,61.156473382259605,2.8050557900898383
69,ACCP00-0060,5,[4],66.28349000891617,66.78766663639661,0.5041766274804331
133,ENHDB1-0290,5,[4],66.78766663639661,68.60270244724416,1.8150358108475473
47,AMYG00-0010,4,[53],66.8644534335316,67.5765103840756,0.7120569505440102
147,ENHSB1-0440,2,[33],69.01107085163063,71.24049433234414,2.229423480713507
45,AKCP00-0060,5,[29],63.57746258151457,64.88217790189204,1.3047153203774684
53,BWQS00-0090,4,[18],60.33412040648904,61.26193871064555,0.92781830415651
151,ARWB00-0010,4,"[32, 53]",67.5765103840756,70.11401404165667,2.5375036575810697
100,AJYYA1-0310,3,"[65, 91]",59.79694798263738,60.9996812223037,1.2027332396663226
148,ENHSB1-0420,5,[78],65.91928198649184,67.87003711361217,1.9507551271203312
103,AJWC00-0580,2,"[22, 59, 77, 33, 47]",71.24049433234414,73.15425816756881,1.913763835224671
76,AQHS00-0050,5,[42],60.66439787753065,62.08555274174548,1.4211548642148344
58,AYQQ00-0060,3,"[21, 70]",58.13666321230652,65.14599924129323,7.009336028986702
135,ENHDB1-0270,4,[87],60.32666460821684,61.92151727561349,1.5948526673966512
66,ACCP00-0030,2,[59],73.15425816756881,73.71777126946347,0.5635131018946566
49,AWWB00-0020,5,[15],68.44744284731607,69.26541613967937,0.8179732923633054
44,AKYY00-0050,1,[12],61.156473382259605,62.78977189483256,1.6332985125729564
39,AFZG00-0160,5,[4],68.60270244724416,69.10687907472459,0.5041766274804331
65,ACYY00-0020,2,[47],73.15425816756881,73.92917058989545,0.7749124223266364
143,ENHDB1-0200,1,[38],61.156473382259605,63.19527396959406,2.038800587334457
98,AJQX00-0290,1,[66],62.34609481005228,63.665863942073074,1.3197691320207952
73,AQHS00-0020,5,[29],64.88217790189204,65.95390833966296,1.071730437770924
134,ENHDB1-0280,5,[29],65.95390833966296,67.63139944999173,1.6774911103287735
102,AJWC00-0570,3,[91],60.9996812223037,62.399794436455714,1.4001132141520145
111,DXHS00-0010,4,[18],61.26193871064555,63.3959207659637,2.1339820553181497
144,ENHDB1-0190,1,[38],63.19527396959406,65.23407455692852,2.038800587334457
77,AQHS00-0060,4,[19],66.6786085620808,67.96137552633475,1.2827669642539519
132,ENHDB1-0300,2,[22],73.15425816756881,75.17047172451143,2.016213556942617
74,AQHS00-0030,3,[91],62.399794436455714,63.36975238541316,0.9699579489574433
34,AFZG00-0110,4,"[53, 87, 32]",70.11401404165667,71.07294643020049,0.9589323885438148
162,ARWB00-0120,3,"[70, 81]",65.14599924129323,66.31781959780012,1.171820356506899
97,AJZY00-0280,4,[87],71.07294643020049,71.43621843311779,0.36327200291729866
40,AFZG00-0170,3,[70],66.31781959780012,66.81110314751781,0.4932835497176882
91,AJZY00-0220,5,[0],57.61221401500336,60.270655154088864,2.658441139085504
48,AWWB00-0010,4,"[18, 87]",71.43621843311779,72.19953836657955,0.7633199334617586
104,AEQS00-0020,2,[59],73.71777126946347,75.2204728371959,1.50270156773243
95,AJZY00-0260,3,[21],65.14599924129323,67.92717422577005,2.78117498447682
139,ENHDB1-0230,4,[19],67.96137552633475,69.50069584266143,1.5393203163266804
150,ENHSB1-0400,3,[35],59.79694798263738,61.98990575808742,2.19295777545004
62,AYWC00-1980,5,"[5, 42, 15]",69.26541613967937,74.39270835750948,5.127292217830103
146,ENHSB1-0170,3,[75],60.63562088807148,62.29861565189467,1.6629947638231926
122,EGYY00-0150,5,[42],74.39270835750948,76.61712465390511,2.2244162963956313
82,AQHS00-0110,4,[18],72.19953836657955,73.68404767535087,1.4845093087713224
59,AYHS00-0070,4,[19],69.50069584266143,73.94762115562955,4.446925312968119
72,ACZY00-0090,1,[93],62.32396709042933,63.356305001582584,1.032337911153256
38,AFZG00-0150,4,"[32, 87, 53, 19, 18]",73.94762115562955,74.51951765640811,0.5718965007785641
142,ENHDB1-0210,4,[53],74.51951765640811,76.35052122619805,1.8310035697899423
42,AKZY00-0030,5,[15],74.39270835750948,75.92640825783677,1.5336999003272922
78,AQHS00-0070,5,[29],67.63139944999173,69.12250272089278,1.4911032709010499
79,AQHS00-0080,3,[91],63.36975238541316,64.71925914509337,1.3495067596802173
108,AEQS00-0060,3,[70],66.81110314751781,67.40304343070063,0.5919402831828222
119,AGHS00-0120,4,"[18, 32]",74.51951765640811,76.84085500821901,2.3213373518108966
41,AKQS00-0020,2,[22],75.17047172451143,76.40260229087794,1.2321305663665072
159,ARWB00-0090,3,"[91, 81]",66.31781959780012,67.4030568692022,1.0852372714020788
61,AYZQ00-0090,2,[77],73.15425816756881,79.73248071237683,6.578222544808014
80,AQHS00-0090,4,[53],76.35052122619805,77.97808002226833,1.627558796070275
86,AQHS00-0150,5,[5],74.39270835750948,75.18767399065226,0.7949656331427803
88,AQQJ00-0170,5,"[0, 15]",75.92640825783677,79.53717439527986,3.6107661374430933
85,AQHS00-0140,5,"[15, 0]",79.53717439527986,80.60912056290888,1.0719461676290223
63,FYQJ00-1130,5,"[0, 15]",80.60912056290888,87.71781650529059,7.108695942381701
165,A-3,0,[],87.71781650529059,87.71781650529059,0.0
172,AJZY00-0390,1,"[40, 66]",87.71781650529059,88.72464878110233,1.006832275811746
180,AJCP00-0470,1,"[93, 12]",87.71781650529059,89.1561674752618,1.4383509699712107
181,AJCP00-0480,4,"[87, 19]",87.71781650529059,88.80801979143766,1.090203286147073
190,AJWC00-0660,4,"[87, 32]",88.80801979143766,90.73914159973683,1.9311218082991672
179,AJCP00-0460,1,"[40, 27]",88.72464878110233,89.98058974932471,1.2559409682223759
189,AJWC00-0650,5,"[29, 4]",87.71781650529059,89.58372636571622,1.8659098604256315
176,AJZYB4-0430,2,"[22, 77]",87.71781650529059,89.81200084937808,2.0941843440874948
168,AJZYA4-0340,3,"[71, 81]",87.71781650529059,89.00727764644414,1.2894611411535521
191,AJWC00-0670,4,"[19, 53]",88.80801979143766,89.22860007900813,0.4205802875704734
171,AJYY00-0380,5,"[0, 5]",87.71781650529059,88.7185137031467,1.0006971978561126
192,AJCP00-0770,4,"[53, 19]",89.22860007900813,90.22625560962246,0.997655530614324
166,AJYYA2-0320,1,"[40, 66]",89.98058974932471,90.89589178518008,0.9153020358553761
182,AJYYC1-0490,2,"[33, 59]",87.71781650529059,88.37457240855397,0.6567559032633881
183,AJYYC2-0500,4,"[19, 87]",90.73914159973683,91.61863326442845,0.8794916646916278
184,AJZYC3-0510,3,"[70, 35]",88.37457240855397,89.37666751816607,1.0020951096120996
185,AJCPD1-0520,4,"[53, 32]",90.73914159973683,93.28721817872122,2.548076578984393
174,AJYYB2-0410,5,"[15, 5]",89.00727764644414,90.70268970809028,1.6954120616461381
169,AJZYA5-0350,5,"[5, 78]",90.70268970809028,91.5184061142436,0.815716406153328
186,AJCPD2-0530,5,"[42, 4]",89.98058974932471,93.6278544020728,3.647264652748092
177,AJYY00-0440,5,"[42, 78]",93.6278544020728,94.55170672576057,0.9238523236877683
167,AJYYA3-0330,2,"[33, 50]",90.89589178518008,95.84468234836255,4.94879056318247
170,AJZYA6-0360,5,"[15, 4]",93.6278544020728,98.28782661415775,4.659972212084952
188,AJCPD4-0550,4,"[32, 87]",93.28721817872122,101.50433851669194,8.217120337970726
187,AJCPD3-0540,5,"[0, 15]",98.28782661415775,101.80832341657421,3.52049680241646
173,AJYYB1-0400,5,"[29, 4]",98.28782661415775,99.3584305587086,1.0706039445508537
175,AJZYB3-0420,5,"[15, 78]",101.80832341657421,102.85805793665708,1.0497345200828647
178,AJZY00-0450,5,"[78, 15]",102.85805793665708,103.70784308677038,0.8497851501133056
193,A-4,0,[],103.70784308677038,103.70784308677038,0.0
221,BMYY00-0420,5,"[29, 42]",103.70784308677038,106.39222616194306,2.6843830751726756
213,DFZY00-3090,4,"[87, 53]",103.70784308677038,104.40570991466865,0.6978668278982667
200,DFQJB2-0400,1,"[13, 66]",103.70784308677038,104.42610688556051,0.718263798790133
197,DFQJB2-0370,5,"[5, 15]",103.70784308677038,104.38600789987976,0.678164813109376
199,DFQJB2-0390,3,"[81, 70]",103.70784308677038,104.39140492259611,0.6835618358257278
223,DMZY00-0760,1,"[27, 40]",103.70784308677038,105.18542060023232,1.477577513461938
194,DFQJB1-0340,5,"[4, 15]",104.38600789987976,105.56168895204156,1.1756810521618064
224,DMYY00-0770,4,"[18, 19]",103.70784308677038,105.0194491793165,1.3116060925461142
203,DFZY00-0430,4,"[53, 19]",105.0194491793165,106.2909709111587,1.2715217318421992
202,DFQJC2-0420,3,"[71, 21]",103.70784308677038,105.2316088983954,1.5237658116250117
198,DFQJB2-0380,2,"[77, 59]",103.70784308677038,104.47091799426626,0.7630749074958771
226,AYQJ00-0130,1,"[66, 38]",104.42610688556051,147.31407078379934,42.88796389823882
227,AYQJ00-0140,3,"[21, 70]",105.2316088983954,125.69434901153521,20.462740113139816
195,DFQJB1-0350,5,"[15, 5]",105.56168895204156,106.62737655674586,1.0656876047042942
209,BMZG00-0020,5,"[15, 4]",106.62737655674586,107.37553719734633,0.7481606406004744
210,BMYY00-0030,2,"[33, 47]",103.70784308677038,106.43578354499715,2.727940458226769
201,DFQJC1-0410,2,"[47, 33]",106.43578354499715,108.25441043685306,1.8186268918559136
225,FMQJ00-2540,3,"[70, 21]",125.69434901153521,128.9729096208674,3.278560609332189
217,DFYY00-3120,4,"[32, 53]",106.2909709111587,106.92534682555396,0.6343759143952639
222,BMYY00-0430,2,"[47, 77]",108.25441043685306,110.82782808772302,2.573417650869956
214,DFZY00-3100,5,"[4, 29]",107.37553719734633,108.08927318063832,0.7137359832919827
207,DFZG00-0470,5,"[0, 5]",106.62737655674586,108.24466496584141,1.6172884090955506
204,DFZY00-0440,3,"[71, 65]",105.2316088983954,106.59836634962491,1.3667574512295175
196,DFQJB1-0360,5,"[4, 78]",108.08927318063832,109.18189247618851,1.0926192955501932
220,BMZY00-0410,3,"[91, 71]",106.59836634962491,108.96697961566886,2.368613266043951
205,DFYY00-0450,5,"[78, 4]",109.18189247618851,110.47316975012365,1.2912772739351368
212,BMZY00-0130,3,"[70, 91]",128.9729096208674,143.14052094621297,14.167611325345575
219,BMZY00-0400,2,"[33, 77]",110.82782808772302,113.55412073436652,2.7262926466435005
211,BMYY00-0121,5,"[78, 5]",110.47316975012365,123.88717340175654,13.414003651632896
206,DFYY00-0460,3,"[71, 70]",143.14052094621297,144.53604461350776,1.395523667294782
216,DFYY00-3110,3,"[35, 71]",144.53604461350776,145.1835678000502,0.6475231865424576
208,DFQS00-0480,4,"[87, 32]",106.92534682555396,107.91061303510205,0.9852662095480866
215,BMZY00-0300,5,"[5, 0]",123.88717340175654,124.89797864237909,1.0108052406225454
218,BMYY00-0311,4,"[87, 18]",145.1835678000502,146.13771770265947,0.9541499026092595
228,A-5,0,[],147.31407078379934,147.31407078379934,0.0
232,DFQJA3-0880,4,"[19, 87]",147.31407078379934,148.13859421603487,0.8245234322355373
230,DFQJA3-0860,4,"[53, 32]",147.31407078379934,148.26563459237266,0.9515638085733258
238,DFQJA3-0980,2,"[22, 33]",147.31407078379934,148.32214287622293,1.008072092423589
239,DFQJA3-0990,3,"[70, 21]",147.31407078379934,148.33155505041904,1.0174842666197037
229,DFQJA3-0850,1,"[38, 27]",147.31407078379934,148.42755382692494,1.1134830431255978
237,DFQJA3-0970,1,"[93, 51]",147.31407078379934,148.25497573726204,0.9409049534627059
231,DFQJA3-0870,3,"[70, 81]",148.33155505041904,149.21042025959426,0.8788652091752169
240,DFQJA3-1000,2,"[77, 47]",147.31407078379934,148.27910233896407,0.9650315551647282
236,DFYYA4-1240,5,"[5, 4]",148.27910233896407,152.22634525616806,3.947242917203994
234,DFZYA4-1220,5,"[15, 42]",148.32214287622293,153.15173279909166,4.829589922868735
233,DFZYA4-1210,2,"[47, 59]",148.42755382692494,152.4206100251101,3.9930561981851724
235,DFYYA4-1230,5,"[15, 42]",153.15173279909166,157.9813227219604,4.829589922868735
241,A-6,0,[],157.9813227219604,157.9813227219604,0.0
280,AEHS00-0150,2,[33],157.9813227219604,161.4267953959365,3.4454726739760986
263,ACWC00-0190,3,[35],157.9813227219604,159.87524073594304,1.893918013982642
283,ENQSA2-0140,4,"[19, 32]",157.9813227219604,159.72163956278197,1.7403168408215777
270,ABWC00-0170,5,[29],157.9813227219604,161.5226928931415,3.5413701711811143
289,ARHS00-0150,1,[51],157.9813227219604,161.34163673109168,3.3603140091312866
288,ENHSA2-0160,5,"[5, 4]",157.9813227219604,159.714258631232,1.7329359092716174
265,ABWC00-0120,4,[53],157.9813227219604,161.94849732527624,3.96717460331584
287,ENQSA2-0100,4,"[18, 32]",159.72163956278197,161.53833834938916,1.8166987866071906
256,ADHD00-0080,2,[59],157.9813227219604,161.36240110940838,3.3810783874479853
278,ABHS00-1610,3,"[70, 21]",157.9813227219604,162.27736746314164,4.296044741181248
242,AAQX00-0120,4,[87],159.72163956278197,161.2278893863633,1.506249823581328
254,ADHD00-0060,2,[47],157.9813227219604,161.35447086212176,3.373148140161362
252,AKWC00-0120,4,"[87, 18]",161.53833834938916,164.11454313193158,2.576204782542419
271,ABWC00-0180,1,[40],157.9813227219604,161.21269338801787,3.2313706660574724
267,ABWC00-0140,4,[32],161.53833834938916,165.30775084099236,3.769412491603191
268,ABWC00-0150,2,[50],161.35447086212176,165.73243261833855,4.377961756216791
266,ABWC00-0130,4,[53],161.94849732527624,165.81394935983838,3.8654520345621393
250,AKHS00-0100,5,"[0, 78]",157.9813227219604,159.75702879958007,1.7757060776196738
290,ARHS00-0160,1,[13],157.9813227219604,161.43664212035037,3.4553193983899746
243,AAQS00-0130,3,[65],157.9813227219604,166.98698063594745,9.00565791398705
269,ABWC00-0160,3,[71],159.87524073594304,163.88561737267216,4.01037663672912
261,ACWB00-0175,2,[77],161.35447086212176,162.22002648908625,0.8655556269644933
273,ABWCB1-0110,4,"[19, 53]",165.81394935983838,166.6942336446982,0.8802842848598118
279,AEHS00-0140,4,[19],166.6942336446982,169.60183884522993,2.907605200531748
282,ENQSA2-0150,3,"[75, 91]",159.87524073594304,161.54608225601766,1.6708415200746174
285,ENQSA2-0120,4,"[19, 18]",169.60183884522993,171.2881895196917,1.686350674461778
247,FFHS00-3530,3,"[91, 81]",161.54608225601766,162.63131952741972,1.0852372714020646
272,ABWCB1-0100,2,"[50, 59]",165.73243261833855,166.71277338503072,0.9803407666921657
251,AKHS00-0110,5,"[42, 29]",161.5226928931415,164.20707596831417,2.6843830751726614
284,ENQSA2-0130,5,"[78, 0]",159.75702879958007,161.637188073339,1.8801592737589203
246,AFHS00-0020,2,[33],161.4267953959365,163.7575562087522,2.330760812815697
257,AYQQ00-0100,3,[35],159.87524073594304,166.45411382463777,6.578873088694735
264,ACWC00-0200,3,[65],166.98698063594745,168.78811219614363,1.8011315601961826
258,AYZQ00-0110,3,[21],162.27736746314164,170.05522994121105,7.777862478069409
249,AKHD00-0090,5,[78],161.637188073339,168.02147727277656,6.384289199437575
281,DXHS00-0060,2,"[22, 77]",162.22002648908625,163.65603866780825,1.4360121787219953
245,AFHS00-0010,2,[33],163.7575562087522,166.0883170215679,2.330760812815697
259,AYZQ00-0120,1,[66],161.21269338801787,168.59445316146105,7.381759773443179
244,AAQX00-0140,3,"[81, 71]",163.88561737267216,172.64992357020307,8.764306197530914
253,AWHS00-0060,2,[50],166.71277338503072,169.36259232105556,2.649818936024843
248,AKHD00-0080,4,[18],171.2881895196917,177.96848113265128,6.680291612959564
286,ENQSA2-0110,4,"[18, 53]",177.96848113265128,179.80725961975102,1.838778487099745
260,ACWB00-0170,2,"[59, 33]",166.71277338503072,169.38084420381003,2.668070818779313
255,ADHD00-0700,4,[18],179.80725961975102,182.86905997922568,3.0618003594746597
275,ABWCB2-0200,4,"[18, 32]",182.86905997922568,186.70431302664764,3.8352530474219577
274,ABWCB2-0190,3,"[75, 91]",166.98698063594745,170.51431278306293,3.5273321471154873
262,ACWC00-0180,4,[53],179.80725961975102,181.48567957893556,1.678419959184538
276,ABWCB3-0210,5,"[0, 42]",170.51431278306293,171.63087411955794,1.1165613364950104
277,ABWCB3-0220,5,"[4, 5]",186.70431302664764,187.57078098128343,0.8664679546357945
291,B,0,[],187.57078098128343,187.57078098128343,0.0
292,B-1,0,[],187.57078098128343,187.57078098128343,0.0
299,BMYY00-0280,4,"[87, 19]",187.57078098128343,189.67789643135336,2.1071154500699265
300,BMYY00-0290,5,"[29, 42]",187.57078098128343,190.14331460610003,2.5725336248166
301,BMZY00-0240,1,"[51, 38]",187.57078098128343,189.39858633327952,1.8278053519960906
294,DMYG00-2070,1,"[27, 1]",187.57078098128343,190.04900040641837,2.478219425134938
302,BMYY00-0250,4,"[53, 19]",189.67789643135336,191.438465001073,1.760568569719652
296,DMYG00-1760,1,"[27, 13]",190.04900040641837,191.11420461179682,1.0652042053784498
298,BMZY00-0270,2,"[50, 47]",187.57078098128343,190.03510462926204,2.4643236479786026
297,BMZY00-0260,4,"[87, 53]",191.438465001073,193.7314559985355,2.292990997462482
295,DMYG00-2080,4,"[87, 18]",193.7314559985355,194.87643592716404,1.144979928628544
293,DMZG00-1790,5,"[78, 5]",187.57078098128343,188.47713256768614,0.9063515864027067
303,B-2,0,[],194.87643592716404,194.87643592716404,0.0
306,DMZY00-0780,3,"[75, 35]",194.87643592716404,209.71505714278314,14.8386212156191
305,CMQQ00-0630,3,"[91, 21]",194.87643592716404,200.6721227592643,5.795686832100273
304,CMYG00-0620,5,"[15, 4]",194.87643592716404,205.45756475956532,10.581128832401276
309,DMYY00-0810,1,"[66, 38]",194.87643592716404,212.29226597790043,17.41583005073639
308,DMYY00-0800,1,"[13, 1]",194.87643592716404,209.45472108550302,14.578285158338986
307,DMZY00-0790,2,"[22, 77]",194.87643592716404,212.46758418925106,17.591148262087017
310,B-3,0,[],212.46758418925106,212.46758418925106,0.0
312,DMYG00-1730,3,"[81, 21]",212.46758418925106,240.17347233560324,27.70588814635218
316,FMQQ00-3180,4,"[18, 32]",212.46758418925106,213.47686131965844,1.0092771304073835
315,FMQQ00-3170,3,"[75, 70]",212.46758418925106,218.39365783106504,5.926073641813986
311,DMZG00-1720,5,"[5, 42]",212.46758418925106,239.9884444805525,27.52086029130143
314,DMYG00-1750,5,"[0, 29]",212.46758418925106,217.72867734897838,5.261093159727324
313,DMYG00-1740,4,"[32, 18]",213.47686131965844,219.22974077047618,5.752879450817744
317,B-4,0,[],240.17347233560324,240.17347233560324,0.0
323,BAHS00-0190,5,"[29, 42]",240.17347233560324,241.62751305687615,1.4540407212729178
319,BAHS00-0160,3,"[71, 21]",240.17347233560324,241.69723814722826,1.523765811625026
321,BAHS00-0170,5,"[29, 42]",241.62751305687615,243.41710172921302,1.789588672336862
322,BAHS00-0180,3,"[91, 81]",240.17347233560324,241.3491459564483,1.1756736208450604
320,BAQX00-0150,2,"[47, 59]",240.17347233560324,241.34217178430612,1.1686994487028812
318,CAQJ00-0200,2,"[59, 47]",241.34217178430612,242.31608795285857,0.9739161685524493
324,B-5,0,[],243.41710172921302,243.41710172921302,0.0
325,CAHS00-0320,4,"[18, 87]",243.41710172921302,245.13457150841228,1.7174697791992628
331,CAHS00-0390,5,"[5, 4]",243.41710172921302,245.15003763848463,1.7329359092716174
329,CAHS00-0370,2,"[33, 22]",243.41710172921302,245.4332459140602,2.016144184847178
327,CAHS00-0340,3,"[91, 71]",243.41710172921302,245.1935615610957,1.7764598318826756
334,CAHS00-0360,4,"[19, 32]",243.41710172921302,245.1574185700346,1.7403168408215777
328,CAHS00-0350,2,"[50, 33]",245.4332459140602,247.47632447024628,2.0430785561860887
326,CAHS00-0330,2,"[22, 50]",247.47632447024628,249.6285217775823,2.1521973073360243
332,CAHX00-0410,1,"[13, 12]",243.41710172921302,248.28471009227985,4.867608363066836
335,CAHS00-0400,2,"[77, 22]",249.6285217775823,251.1842015189853,1.5556797414029973
330,CAHS00-0380,3,"[21, 65]",243.41710172921302,244.85493064020395,1.4378289109909304
333,CAWC00-0420,5,"[42, 29]",243.41710172921302,246.54888180580147,3.1317800765884556
336,B-6,0,[],251.1842015189853,251.1842015189853,0.0
338,CAHS00-0650,5,"[0, 29]",251.1842015189853,253.11684789701167,1.9326463780263623
337,CAHS00-0640,5,"[15, 29]",253.11684789701167,254.964418024601,1.8475701275893357
341,CAHX00-0680,2,"[47, 22]",251.1842015189853,256.26308930608656,5.078887787101252
339,CAHS00-0660,3,"[71, 70]",251.1842015189853,253.33116108588112,2.1469595668958164
340,CAHX00-0670,5,"[29, 15]",254.964418024601,257.83841602804216,2.8739980034411587
342,CAWC00-0690,5,"[4, 78]",253.11684789701167,255.8980605416763,2.7812126446646346
343,B-7,0,[],257.83841602804216,257.83841602804216,0.0
348,CKWC00-1380,5,[78],257.83841602804216,271.22768990314245,13.389273875100287
345,CKZY00-0220,4,"[19, 53]",257.83841602804216,268.206209364157,10.367793336114858
349,FKQJ00-0010,5,"[15, 29]",257.83841602804216,275.28768991752275,17.449273889480594
344,CKZY00-0210,4,"[87, 32]",257.83841602804216,266.4102318631859,8.571815835143752
347,CKZQ00-0240,3,"[70, 71]",257.83841602804216,267.92912558295245,10.09070955491029
346,CKYY00-0230,1,"[12, 38]",257.83841602804216,270.110534622035,12.272118593992843
350,B-8,0,[],275.28768991752275,275.28768991752275,0.0
360,CKZY00-0330,1,"[66, 93]",275.28768991752275,283.7456651144631,8.457975196940367
358,CKHX00-0310,4,"[18, 53]",275.28768991752275,304.095221091267,28.807531173744223
354,CKQX00-0270,2,"[59, 77]",275.28768991752275,289.4590812980694,14.171391380546652
351,CKWC00-1390,3,"[65, 81]",275.28768991752275,284.5819562334942,9.29426631597147
353,CKQS00-0260,2,"[77, 22]",289.4590812980694,302.50285761331844,13.043776315249033
363,CKZQ00-0360,1,"[51, 12]",275.28768991752275,283.37428968260093,8.086599765078176
352,CKQS00-0250,4,"[18, 19]",304.095221091267,312.80803331882237,8.71281222755539
361,CKZY00-0340,3,"[21, 35]",275.28768991752275,284.1554338084781,8.867743890955353
362,CKYY00-0350,5,"[4, 0]",275.28768991752275,284.0248291635727,8.737139246049935
356,CKHX00-0290,5,"[15, 0]",284.0248291635727,307.94615532855136,23.921326164978666
357,CKHX00-0300,4,"[87, 32]",275.28768991752275,301.3972425913009,26.109552673778126
355,CKHX00-0280,2,"[47, 22]",302.50285761331844,319.6441040209206,17.141246407602182
359,CKHS00-0320,1,"[12, 1]",283.37428968260093,324.9521934183251,41.57790373572419
369,DKQS00-0460,5,"[42, 4]",312.80803331882237,319.12060709929887,6.312573780476498
368,DKQS00-0450,5,"[78, 4]",319.12060709929887,322.69645189432214,3.575844795023272
371,DKQS00-1430,4,"[32, 19]",312.80803331882237,315.3218242855076,2.513790966685235
367,DKQXB2-0500,4,"[87, 53]",312.80803331882237,317.6931012923793,4.885067973556943
373,DKQXA2-0380,4,"[18, 53]",317.6931012923793,323.31159126291215,5.618489970532835
365,DKWCE2-0720,4,"[19, 87]",317.6931012923793,321.63249130326875,3.93939001088944
370,DKQS00-0470,4,"[18, 19]",323.31159126291215,326.59060655011876,3.2790152872066187
372,DKQS00-0430,5,"[42, 5]",319.12060709929887,321.85168485724773,2.731077757948867
364,DKQS00-0740,4,"[53, 18]",326.59060655011876,333.12848588597893,6.537879335860168
366,DKZQF2-0670,5,"[42, 15]",321.85168485724773,324.9143515965043,3.0626667392565423
374,B-9,0,[],333.12848588597893,333.12848588597893,0.0
377,CWQJ00-1790,1,"[51, 40]",333.12848588597893,334.99679686000786,1.8683109740289296
380,CWQJ00-1820,2,"[50, 22]",333.12848588597893,336.1176488920203,2.9891630060413945
382,CWQJ00-1910,2,"[59, 77]",333.12848588597893,335.853753459161,2.725267573182066
378,CWQJ00-1800,5,"[29, 78]",333.12848588597893,335.1373252119916,2.0088393260126622
381,CWQJ00-1900,5,"[5, 15]",333.12848588597893,335.0660996707174,1.9376137847384598
383,CWQJ00-1920,3,"[75, 35]",333.12848588597893,335.5511180488828,2.4226321629038807
375,CWQJ00-1690,4,"[19, 32]",333.12848588597893,335.93232985156214,2.803843965583212
379,CWQJ00-1810,3,"[35, 21]",335.5511180488828,337.82489847814196,2.2737804292591477
376,CWQJ00-1700,2,"[50, 77]",336.1176488920203,339.1520800559387,3.0344311639183843
384,B-10,0,[],339.1520800559387,339.1520800559387,0.0
388,CWWC00-2140,2,"[77, 50]",339.1520800559387,344.24992417981287,5.097844123874154
392,CWQJ00-1710,1,"[12, 40]",339.1520800559387,340.25780744543425,1.1057273894955415
389,CWWC00-2150,3,"[65, 70]",339.1520800559387,343.0196015564459,3.8675215005071664
390,ABWB00-1790,1,[27],339.1520800559387,341.3505302530065,2.198450197067814
387,CWHS00-2130,4,"[18, 87]",339.1520800559387,346.2127894262421,7.060709370303414
385,CWHS00-2110,1,"[13, 66]",339.1520800559387,345.71906356885347,6.56698351291476
386,CWHX00-2120,4,"[19, 32]",339.1520800559387,345.3398735238746,6.187793467935876
391,CWCP00-2160,4,"[18, 87]",346.2127894262421,352.0331037411638,5.8203143149216885
393,B-11,0,[],352.0331037411638,352.0331037411638,0.0
399,CDHS00-0450,5,"[4, 78]",352.0331037411638,354.0196842354698,1.986580494305997
397,CDQJ00-0430,3,"[71, 21]",352.0331037411638,354.0257207007305,1.9926169595667034
396,CDQJ00-0420,1,"[12, 40]",352.0331037411638,353.7419551721869,1.7088514310231062
398,CDHS00-0440,4,"[32, 53]",352.0331037411638,354.14769003845527,2.114586297291453
394,CDQJ00-0400,3,"[21, 35]",354.0257207007305,361.9839522031376,7.958231502407102
395,CDQJ00-0410,3,"[65, 71]",354.0257207007305,361.3851841696022,7.359463468871695
400,B-12,0,[],361.9839522031376,361.9839522031376,0.0
416,CDWC00-0700,3,"[21, 71]",361.9839522031376,366.2036114167849,4.219659213647276
407,CDWC00-0600,5,"[15, 78]",361.9839522031376,364.58329484699595,2.5993426438583356
414,CDHD00-0680,3,"[91, 81]",361.9839522031376,365.2396638017266,3.2557115985889595
409,CDHX00-0620,3,"[70, 65]",361.9839522031376,366.2585810895295,4.274628886391895
412,CDHX00-0660,3,"[21, 70]",366.2585810895295,370.32851815600833,4.069937066478815
404,CDHD00-0570,2,"[77, 59]",361.9839522031376,366.56240151816206,4.578449315024443
408,CDWC00-0610,5,"[15, 42]",364.58329484699595,369.0595001893112,4.476205342315268
415,CDHD00-0690,3,"[91, 70]",370.32851815600833,373.77469374809004,3.4461755920817154
413,CDHS00-0670,1,"[51, 27]",361.9839522031376,369.1093428167234,7.125390613585807
401,CDHS00-0540,3,"[35, 21]",370.32851815600833,374.42132282025256,4.092804664244227
406,CDWC00-0590,1,"[1, 93]",361.9839522031376,366.6921897763998,4.708237573262181
411,CDHX00-0650,5,"[42, 5]",369.0595001893112,373.26115843257924,4.201658243268014
403,CDHS00-0560,4,"[18, 53]",361.9839522031376,366.0701267271615,4.086174524023875
410,CDWC00-0630,3,"[91, 75]",373.77469374809004,377.30202589520553,3.5273321471154873
402,CDHS00-0550,4,"[32, 53]",366.0701267271615,369.8763819614548,3.806255234293303
405,CDWC00-0580,5,"[42, 4]",373.26115843257924,377.4695407670901,4.208382334510873
417,B-13,0,[],377.4695407670901,377.4695407670901,0.0
421,ABZYC1-0260,4,[87],377.4695407670901,384.380569344552,6.911028577461877
459,ABYYC3-0530,4,"[87, 19]",384.380569344552,387.86189055141847,3.4813212068664825
431,ABZYE3-0480,4,"[87, 19]",387.86189055141847,389.51093741588954,1.6490468644710745
457,ABYYC3-0510,4,"[18, 32]",384.380569344552,388.215822391974,3.835253047421986
426,ABYYC2-0430,3,"[75, 35, 81]",377.4695407670901,379.32320245147946,1.8536616843893512
419,ABZYC1-0240,1,[93],377.4695407670901,386.94275921184203,9.473218444751922
464,ABZYE4-0580,4,"[19, 87]",389.51093741588954,392.992258622756,3.4813212068664825
472,ABZYC5-0660,5,"[29, 5]",377.4695407670901,379.1403467872191,1.670806020128964
442,ABCPH1-1030,3,"[75, 91]",379.32320245147946,380.99404397155405,1.670841520074589
427,ABZYC2-0440,3,"[71, 81]",379.32320245147946,381.136507173721,1.8133047222415257
466,ABZYC4-0600,3,"[75, 21]",380.99404397155405,382.9565390524858,1.9624950809317738
463,ABYYE4-0570,4,"[19, 32]",392.992258622756,396.66626089349336,3.6740022707373328
460,ABZYC3-0540,2,"[50, 47]",377.4695407670901,381.5410320448964,4.071491277806274
429,ABZYC2-0460,3,[65],379.32320245147946,381.02953758997984,1.7063351385003784
473,ABYYE5-0670,3,"[65, 81]",381.136507173721,384.7775599832037,3.6410528094826873
465,ABYYC4-0590,2,"[33, 77]",377.4695407670901,379.5142601166563,2.0447193495662077
471,ABYYC5-0650,4,"[53, 32]",396.66626089349336,398.56938851064,1.9031276171466516
468,ABZYC4-0620,2,"[50, 22]",381.5410320448964,383.69322935223244,2.1521973073360527
425,ABZYD1-0300,3,[75],382.9565390524858,390.25523901571114,7.298699963225317
428,ABYYC2-0450,5,"[0, 4]",377.4695407670901,379.4858035673079,2.0162628002178167
476,ABZYE5-0700,2,"[59, 47]",381.5410320448964,383.29408110185085,1.7530490569544668
467,ABYYC4-0610,1,"[40, 38]",377.4695407670901,379.31012432876344,1.840583561673327
470,ABZYC5-0640,4,"[53, 32]",398.56938851064,402.5871024250781,4.017713914438104
422,ABYYD1-0270,2,[50],383.69322935223244,392.6795722369754,8.986342884742953
424,ABYYD1-0290,1,[93],386.94275921184203,396.53742963544727,9.594670423605237
433,ABZYE3-0500,3,[91],380.99404397155405,382.512239013353,1.518195041798947
469,ABYYC5-0630,3,"[65, 91]",384.7775599832037,388.3481743234672,3.570614340263546
462,ABZYE4-0560,1,"[13, 38]",379.31012432876344,383.23071778528066,3.9205934565172242
423,ABZYD1-0280,5,[5],379.1403467872191,385.66743327979833,6.527086492579258
434,ABCPG1-0950,4,"[19, 32]",402.5871024250781,409.93510696655284,7.348004541474722
441,ABCPH1-1020,3,"[91, 70]",388.3481743234672,390.0712621195081,1.7230877960408861
474,ABZYE5-0680,5,"[4, 42]",379.4858035673079,383.92798498233833,4.442181415030404
420,ABYYC1-0250,4,[53],402.5871024250781,410.5214516317098,7.93434920663168
430,ABYYE3-0470,4,[32],409.93510696655284,411.7206181218913,1.7855111553384404
418,ABYYC1-0230,3,[70],390.0712621195081,397.76648568327687,7.695223563768764
458,ABZYC3-0520,2,"[50, 33]",392.6795722369754,396.99273813794946,4.31316590097407
432,ABYYE3-0490,1,[13],383.23071778528066,384.7856114733655,1.55489368808486
475,ABYYE5-0690,3,"[35, 91]",390.0712621195081,391.8025405236552,1.7312784041470763
461,ABYYE4-0550,3,"[21, 35]",391.8025405236552,396.12272328503644,4.320182761381261
446,ABCPH3-1070,5,"[15, 5]",385.66743327979833,386.5393594598325,0.8719261800341656
444,ABCPH2-1050,4,"[18, 53]",410.5214516317098,412.36023011880957,1.8387784870997734
450,ABCPH4-1110,5,"[0, 5]",386.5393594598325,390.38041932599924,3.841059866166745
443,ABCPH2-1040,4,"[87, 53]",412.36023011880957,414.1547448021414,1.7945146833318404
445,ABCPH3-1060,5,"[42, 78]",390.0712621195081,391.0494586441794,0.9781965246713185
449,ABCPH4-1100,5,"[5, 42]",391.0494586441794,395.04103392519636,3.991575281016935
435,ABCPG2-0960,5,"[0, 4]",409.93510696655284,418.4482166861675,8.513109719614647
436,ABCPG2-0970,4,"[87, 18]",414.1547448021414,421.40628397097703,7.25153916883562
448,ABCPH4-1090,5,"[42, 4]",418.4482166861675,422.8903981011979,4.442181415030404
447,ABCPH4-1081,5,"[15, 5]",414.1547448021414,417.83621094694814,3.681466144806734
451,ABCPH5-1120,5,"[4, 0]",422.8903981011979,424.9066609014157,2.0162628002178167
453,ABCPH5-1140,5,"[4, 78]",424.9066609014157,428.68116379323334,3.774502891817633
438,ABCPG3-0990,5,"[78, 29]",428.68116379323334,432.6031835166176,3.922019723384267
439,ABCPG3-1000,5,"[5, 15]",422.8903981011979,426.86250626751905,3.9721081663211635
437,ABCPG3-0980,5,"[15, 42]",426.86250626751905,435.8149169521496,8.952410684630536
452,ABCPH5-1130,5,"[78, 42]",435.8149169521496,437.7713100014922,1.956393049342637
454,ABCPH5-1150,5,"[0, 4]",428.68116379323334,432.9377186530407,4.256554859807352
455,ABCPH5-1160,5,"[15, 0]",435.8149169521496,437.84597282039164,2.031055868242049
440,ABCPG4-1010,5,"[0, 4]",437.84597282039164,442.43857143572467,4.592598615333031
456,ABCPH5-1170,5,"[4, 42]",442.43857143572467,444.54276260298013,2.1041911672554647
477,B-14,0,[],444.54276260298013,444.54276260298013,0.0
479,BQQXA1-0190,2,"[47, 59]",444.54276260298013,446.49059494008503,1.9478323371048987
482,BQZGB1-0250,3,"[70, 71]",444.54276260298013,447.3338099375697,2.791047334589564
481,BQQXA2-0240,2,"[33, 22]",444.54276260298013,448.07101512674865,3.528252523768515
484,BQWCD1-0290,5,"[0, 78]",444.54276260298013,446.31846868059984,1.7757060776197022
478,BQQJ00-0180,1,"[51, 13]",444.54276260298013,447.41194542286513,2.8691828198849976
480,BQQSA1-0210,1,"[27, 40]",444.54276260298013,446.3369639502078,1.7942013472276699
483,BQZGB1-0260,3,"[70, 81]",447.3338099375697,449.97040568150527,2.6365957439355725
485,B-15,0,[],449.97040568150527,449.97040568150527,0.0
486,BEQX00-0180,5,"[0, 5]",449.97040568150527,458.9665719374544,8.996166255949106
488,BEQXF2-0200,3,"[91, 71]",449.97040568150527,451.0560200755004,1.0856143939951153
489,BEHX00-0210,4,"[32, 87]",449.97040568150527,455.0937897832307,5.123384101725435
487,BEQX00-0190,5,"[78, 5]",458.9665719374544,461.9575321293651,2.9909601919107445
490,BEHS00-0220,1,"[1, 27]",449.97040568150527,454.33679254225814,4.366386860752868
491,B-16,0,[],461.9575321293651,461.9575321293651,0.0
500,CEHS00-0410,4,"[32, 53]",461.9575321293651,464.9179528951575,2.960420765792378
514,CEYY00-0580,5,"[78, 29]",461.9575321293651,463.7750534840613,1.8175213546961686
501,CEHS00-0420,4,"[87, 32]",464.9179528951575,467.3811184190277,2.4631655238702024
510,CEQJ00-0540,3,"[21, 81]",461.9575321293651,463.4379994743496,1.480467344984504
494,CEQX00-0380,4,"[87, 19]",467.3811184190277,471.1372807335687,3.7561623145409726
495,CEQX00-0390,2,"[33, 50]",461.9575321293651,465.1356543579452,3.1781222285800936
497,CEQS00-0392,1,"[51, 1]",461.9575321293651,462.93419422334875,0.9766620939836343
498,CEQS00-0393,5,"[0, 78]",463.7750534840613,464.6106798625425,0.8356263784812086
503,CEHS00-0450,2,"[33, 47]",465.1356543579452,466.8532465161536,1.7175921582083902
492,DEQJ00-0340,5,"[5, 78]",464.6106798625425,466.1514776026453,1.5407977401027892
511,CEQJ00-0550,4,"[18, 53]",464.9179528951575,465.83734213870736,0.9193892435498583
499,CEQX00-0400,2,"[50, 33]",466.8532465161536,470.1448732743424,3.2916267581887837
505,CEQJE1-0470,4,"[18, 53]",465.83734213870736,466.8588857697133,1.0215436310059545
513,CEZY00-0570,2,"[47, 59]",466.8532465161536,468.7036872131833,1.8504406970296827
502,CEHS00-0440,4,"[53, 19]",471.1372807335687,474.1693710351305,3.032090301561823
504,CEWC00-0460,1,"[12, 51]",462.93419422334875,464.83105084523214,1.896856621883387
515,CEHSE1-0590,3,"[75, 91]",461.9575321293651,463.7211982029229,1.763666073557772
509,CEZQ00-0530,5,"[5, 78]",466.1514776026453,468.41735656865205,2.265878966006767
516,CEZGE1-0600,2,"[47, 59]",468.7036872131833,471.04108611058905,2.3373988974057625
512,CEHX00-0560,3,"[71, 21]",463.4379994743496,464.02406326954826,0.5860637951986405
507,CEYE00-0510,1,"[40, 51]",464.83105084523214,467.0552306772258,2.224179831993638
506,CEZY00-0500,4,"[19, 32]",474.1693710351305,476.58647782252524,2.4171067873947436
493,DEQJ00-0350,1,"[51, 12]",467.0552306772258,468.7524182499179,1.697187572692144
508,CEQJ00-0525,1,[27],462.93419422334875,464.52196379394246,1.5877695705937072
496,CEQS00-0391,1,"[1, 66]",462.93419422334875,464.17971081181435,1.2455165884655912
517,B-17,0,[],476.58647782252524,476.58647782252524,0.0
535,CEZQ00-0770,4,"[53, 87]",476.58647782252524,479.1785545609277,2.5920767384024543
523,CEQX00-0650,1,"[51, 12]",476.58647782252524,479.3818454632995,2.795367640774259
526,CEHS00-0680,2,"[47, 50]",476.58647782252524,478.62222346142835,2.0357456389031086
540,CEYY00-0820,2,"[50, 59]",478.62222346142835,480.90968520709316,2.287461745664814
536,CEWB00-0780,4,"[18, 19]",476.58647782252524,478.3665146703866,1.7800368478613677
532,CEHX00-0740,5,"[78, 5]",476.58647782252524,477.2209239222026,0.6344460996773478
530,CEQJ00-0720,4,"[32, 53]",479.1785545609277,480.2358477095734,1.0572931486457264
539,CEZY00-0810,4,"[18, 32]",480.2358477095734,482.35532958717675,2.1194818776033344
525,CEHS00-0670,2,"[33, 22]",476.58647782252524,479.2746702470201,2.6881924244948436
531,CEQJ00-0730,4,"[87, 32]",482.35532958717675,483.3405957967248,0.9852662095480582
522,CEQX00-0640,2,"[50, 47]",480.90968520709316,485.3026099597745,4.392924752681324
541,CEZY00-0830,4,"[87, 19]",483.3405957967248,484.6231878145592,1.2825920178343608
529,CEWC00-0710,2,"[59, 50]",485.3026099597745,487.4811450545797,2.178535094805227
534,CEZG00-0760,5,"[78, 0]",477.2209239222026,479.9367095121837,2.715785589981124
537,CEZY00-0790,1,"[40, 27]",476.58647782252524,478.4862203218599,1.89974249933465
538,CEYY00-0800,3,"[65, 91]",476.58647782252524,478.2778214338052,1.6913436112799332
542,CEYY00-0840,5,"[4, 0]",479.9367095121837,481.50491392719,1.568204415006278
518,CEQS00-0610,4,"[87, 19]",484.6231878145592,487.37159932815234,2.748411513593169
527,CEHS00-0690,3,"[71, 65]",478.2778214338052,479.74971410251334,1.4718926687081648
524,CEHX00-0660,2,"[77, 47]",485.3026099597745,487.5543502125511,2.251740252776642
519,CEQS00-0620,3,"[71, 35]",479.74971410251334,482.33980684868317,2.59009274616983
533,CEHS00-0750,4,"[32, 53]",483.3405957967248,485.5609113080495,2.2203155113247135
520,ABQS00-2130,1,"[27, 1]",478.4862203218599,480.6104084407411,2.124188118881193
528,CEHS00-0700,1,"[40, 38]",478.4862203218599,481.0425864474601,2.5563661256002206
521,CEQS00-0630,5,"[4, 0]",481.50491392719,482.7370745866706,1.2321606594805985
543,B-18,0,[],487.5543502125511,487.5543502125511,0.0
550,CXHD00-0310,4,"[87, 19]",487.5543502125511,514.1223281772849,26.567977964733757
548,CXHS00-0290,5,"[42, 0]",487.5543502125511,523.5324386749289,35.9780884623778
545,CXQS00-0260,4,"[32, 87]",514.1223281772849,542.6950482541794,28.572720076894484
547,CXHD00-0280,3,"[21, 81]",487.5543502125511,518.2211743094828,30.666824096931634
549,CXHX00-0300,1,"[27, 38]",487.5543502125511,523.4332492192866,35.87889900673548
552,CXHX00-0330,3,"[65, 35]",487.5543502125511,517.2188571626426,29.664506950091493
551,CXHS00-0320,3,"[35, 91]",517.2188571626426,545.1116766350303,27.892819472387714
546,CXQX00-0270,5,"[5, 29]",487.5543502125511,514.4728923610603,26.918542148509175
553,CXWC00-0340,3,"[91, 35]",545.1116766350303,550.0169654849997,4.905288849969338
544,CXQS00-0250,5,"[42, 15]",523.5324386749289,557.6929535580981,34.160514883169185
554,B-19,0,[],557.6929535580981,557.6929535580981,0.0
567,CXQJA2-1770,1,"[1, 38]",557.6929535580981,572.1603421606064,14.467388602508322
558,CXQX00-0370,3,"[70, 91]",557.6929535580981,598.3769720423769,40.684018484278795
557,CXQS00-0360,3,"[81, 75]",557.6929535580981,573.969843399512,16.27688984141389
561,CXHX00-0400,3,"[21, 91]",598.3769720423769,642.3620960707715,43.98512402839458
568,CXQJA2-1780,4,"[87, 53]",557.6929535580981,570.3542526976305,12.661299139532389
564,CXHX00-0430,2,"[77, 59]",557.6929535580981,604.0225023021928,46.32954874409472
570,CXQJA2-1800,2,"[47, 77]",604.0225023021928,617.640170981663,13.617668679470171
559,CXHD00-0380,5,"[29, 0]",557.6929535580981,603.3248831369984,45.631929578900326
563,CXHS00-0420,2,"[59, 77]",617.640170981663,663.9697197257577,46.32954874409472
555,CXHS00-0240,2,"[47, 33]",617.640170981663,626.6322704664092,8.992099484746177
566,CXQJ00-0450,1,"[38, 51]",572.1603421606064,602.6237674376919,30.463425277085435
562,CXHD00-0410,1,"[51, 1]",602.6237674376919,644.1319064319966,41.50813899430477
571,CXQJA2-1810,1,"[27, 93]",572.1603421606064,588.4421252571841,16.28178309657767
565,CXWC00-0440,5,"[29, 5]",603.3248831369984,609.5439948644629,6.219111727464451
569,CXQJA2-1790,5,"[5, 78]",609.5439948644629,621.0546607032686,11.510665838805721
556,CXQS00-0350,1,"[38, 66]",602.6237674376919,623.0014745156939,20.377707078002004
560,CXHS00-0390,1,"[51, 38]",644.1319064319966,687.2884228307169,43.156516398720214
572,B-20,0,[],687.2884228307169,687.2884228307169,0.0
575,EGHSF3-0270,4,"[32, 87]",687.2884228307169,692.5103339292464,5.221911098529517
574,EGWBF2-0260,3,"[21, 75]",687.2884228307169,693.0668809300463,5.778458099329441
573,EGWBF1-0250,1,"[38, 13]",687.2884228307169,692.7566192328429,5.468196402126068
576,EGHSF4-0280,4,"[18, 19]",687.2884228307169,692.2537890157504,4.965366185033531
578,EGWCF6-0300,4,"[18, 32]",692.5103339292464,697.8595029129099,5.349168983663503
577,EGHSF5-0290,5,"[5, 15]",692.5103339292464,697.6450106435885,5.134676714342163
579,EGWCF7-0310,4,"[87, 19]",697.8595029129099,702.715030094997,4.855527182087144
580,EGWCF8-0320,4,"[32, 53]",702.715030094997,709.6931647752275,6.9781346802304824
581,EGWCF9-0330,5,"[29, 4]",702.715030094997,708.5268801491579,5.811850054160914
582,B-21,0,[],709.6931647752275,709.6931647752275,0.0
591,ARWBD1-1820,1,"[40, 27]",709.6931647752275,711.3290541426649,1.6358893674373576
586,FRQJD1-1770,4,"[19, 53]",709.6931647752275,711.4537333449472,1.7605685697196805
592,ARWBD1-1830,2,"[50, 47]",709.6931647752275,711.3539046082923,1.6607398330647811
587,ARWBD1-1780,4,"[87, 32]",711.4537333449472,712.1335670271864,0.6798336822391775
589,ARWBD1-1800,5,"[5, 4]",711.4537333449472,712.1180254588037,0.6642921138565043
584,FRQJ00-1750,5,"[78, 29]",711.4537333449472,712.410323543633,0.9565901986858307
585,FRQJ00-1760,5,"[29, 15]",712.410323543633,713.4367514194848,1.026427875851823
583,FRQJ00-1740,4,"[18, 32]",712.1335670271864,713.3446996318013,1.2111326046149316
590,ARWBD1-1810,5,"[5, 15]",713.4367514194848,714.5024390241891,1.0656876047042942
588,ARWBD1-1790,5,"[0, 78]",713.3446996318013,714.4936859099953,1.148986278194002
593,B-22,0,[],714.5024390241891,714.5024390241891,0.0
646,BRQJB1-0980,4,"[18, 53]",714.5024390241891,715.2175195537155,0.7150805295264036
604,BRZYD1-0270,3,"[21, 91]",714.5024390241891,715.5891302743642,1.086691250175022
647,BRQJC1-0990,1,"[13, 12]",714.5024390241891,765.3588050940016,50.85636606981245
631,BRZYF1-0830,1,"[66, 38]",714.5024390241891,715.9241395114342,1.4217004872450616
643,BRQJF1-0955,3,"[75, 65]",714.5024390241891,715.3889580784744,0.8865190542852588
656,ABWB00-1890,1,"[27, 40]",714.5024390241891,716.4021815235237,1.899742499334593
621,BRQJA1-0730,4,"[53, 18]",715.2175195537155,715.8304457566746,0.6129262029591018
611,BRZYF1-0420,3,"[70, 91]",715.5891302743642,764.1706346997088,48.58150442534463
633,BRYYF1-0850,2,"[33, 59]",714.5024390241891,715.7338564192645,1.2314173950753684
606,BRZYB1-0290,3,"[91, 65]",764.1706346997088,766.237832546396,2.067197846687236
651,BRQJ00-1030,3,"[91, 35]",766.237832546396,769.7484803768828,3.5106478304867323
612,BRYYF1-0430,5,"[42, 5]",714.5024390241891,716.7083095017294,2.2058704775403157
597,BRYYA1-0200,2,"[47, 59]",715.7338564192645,716.7564683498047,1.0226119305401653
602,BRZYC1-0250,4,"[87, 53]",715.8304457566746,717.3258746990665,1.495428942391868
645,BRQJB1-0970,2,"[22, 50]",714.5024390241891,715.3394046516273,0.8369656274381896
603,BRYYC1-0260,2,"[33, 50]",715.7338564192645,717.4364219278555,1.7025655085909648
594,BRZYA1-0170,3,"[81, 91]",769.7484803768828,770.6980629085031,0.9495825316203081
610,BRZYF1-0410,5,"[29, 0]",714.5024390241891,716.2203469868759,1.7179079626868088
648,BRQJC1-1000,5,"[29, 78]",716.2203469868759,763.5237330417098,47.30338605483382
619,BRQJA1-0710,5,"[15, 4]",716.2203469868759,717.663228272374,1.4428812854980606
642,BRYYF1-0940,4,"[18, 53]",717.3258746990665,718.7560357581193,1.430161059052807
609,BRYYB1-0320,5,"[4, 29]",763.5237330417098,765.1551296270408,1.6313965853310037
635,BRYYF1-0870,5,"[42, 5]",716.7083095017294,717.9688070247976,1.2604975230681248
630,BRZYF1-0820,2,"[59, 47]",716.7564683498047,717.4382096561814,0.6817413063766935
623,BRQJF1-0750,2,"[50, 22]",717.4364219278555,719.6484025808329,2.211980652977445
650,BRQJ00-1020,5,"[0, 4]",765.1551296270408,769.2436624755534,4.088532848512614
607,BRZYB1-0300,3,"[65, 71]",766.237832546396,767.9199956500614,1.6821631036654026
601,BRYYB1-0240,5,"[0, 4]",769.2436624755534,771.7079837945146,2.464321318961197
613,BRYYF1-0440,4,"[32, 19]",715.2175195537155,764.2847873378289,49.06726778411337
622,BRQJA1-0740,1,"[40, 1]",716.4021815235237,718.9094113602719,2.507229836748138
649,BRQJD1-1010,3,"[35, 91]",770.6980629085031,771.6598842696199,0.9618213611167903
620,BRQJA1-0720,1,"[27, 1]",718.9094113602719,721.7416623730194,2.83225101274752
640,BRZYF1-0920,5,"[78, 42]",763.5237330417098,765.0453720944837,1.521639052773935
638,BRYYF1-0900,2,"[22, 47]",719.6484025808329,721.1297447679804,1.4813421871474475
639,BRZYF1-0910,3,"[65, 71]",767.9199956500614,769.9701319522366,2.050136302175133
637,BRYYF1-0890,3,"[65, 70]",769.9701319522366,771.1914545952006,1.2213226429640827
644,BRQJF1-0960,4,"[19, 53]",764.2847873378289,765.1650716226887,0.8802842848598402
655,BRQJC1-1070,5,"[0, 42]",771.7079837945146,773.3828258732041,1.674842078689494
654,BRQJC1-1060,2,"[47, 22]",721.1297447679804,722.505276771874,1.3755320038936816
596,BRYYA1-0190,2,"[33, 59]",717.4382096561814,718.5156997851245,1.0774901289431682
652,BRWB00-1040,1,"[12, 51]",765.3588050940016,766.2573161128925,0.898511018890872
618,BRHSF1-0700,1,"[40, 38]",718.9094113602719,721.0567588082585,2.14734744798659
628,BRZYF1-0800,4,"[87, 32]",764.2847873378289,765.4671068362677,1.182319498438801
626,BRQJF1-0780,4,"[87, 32]",765.4671068362677,768.7184852807952,3.251378444527518
627,BRZYF1-0790,1,"[13, 40]",765.3588050940016,766.4413849658737,1.082579871872099
636,BRYYF1-0885,1,"[66, 1]",721.7416623730194,722.5342638077295,0.79260143471015
629,BRZYF1-0810,3,"[71, 81]",770.6980629085031,771.906932803391,1.2088698948879255
605,BRYYD1-0280,5,"[0, 5]",773.3828258732041,774.4441713276588,1.0613454544546812
598,BRZYB1-0210,5,"[5, 42]",774.4441713276588,776.7550834115439,2.310912083885114
632,BRZYF1-0840,2,"[47, 59]",722.505276771874,723.8687593846275,1.3634826127535007
625,BRQJF1-0770,1,"[1, 93]",722.5342638077295,724.2409999841636,1.7067361764341058
608,BRYYB1-0310,4,"[32, 87]",768.7184852807952,770.8860709887822,2.167585707986973
600,BRYYB1-0230,1,"[40, 27]",766.4413849658737,768.763292576896,2.3219076110223114
617,BRYYF1-0480,1,"[51, 66]",766.2573161128925,768.3277746359504,2.070458523057937
599,BRZYB1-0220,5,"[5, 15]",776.7550834115439,778.8864586209525,2.1313752094085885
624,BRQJF1-0760,4,"[87, 32]",770.8860709887822,772.7088134999367,1.8227425111545017
614,BRZYF1-0450,1,"[27, 13]",768.763292576896,771.1600020389975,2.396709462101512
653,BRWB00-1050,3,"[81, 71]",771.906932803391,772.8135851645118,0.9066523611207913
641,BRYYF1-0930,4,"[87, 32]",772.7088134999367,774.6300826555366,1.92126915559993
595,BRZYA1-0180,5,"[5, 29]",778.8864586209525,779.8610954475855,0.9746368266330592
615,BRZYF1-0460,1,"[40, 38]",768.763292576896,770.8595127511294,2.0962201742333946
616,BRYYF1-0470,1,"[27, 40]",771.1600020389975,773.5346802260733,2.3746781870758014
634,BRYYF1-0860,3,"[35, 70]",771.6598842696199,772.9125032344078,1.2526189647879846
657,BRHXC1-1130,1,"[66, 93]",768.3277746359504,770.96323093818,2.6354563022296134
658,B-23,0,[],779.8610954475855,779.8610954475855,0.0
659,FRQJE1-0640,1,"[12, 27]",779.8610954475855,782.7696783929108,2.9085829453252927
662,FRQJE1-0670,5,"[42, 29]",779.8610954475855,782.5454785227582,2.6843830751727182
661,FRQJE1-0660,5,"[0, 5]",779.8610954475855,782.2870281214775,2.425932673892021
663,FRQJE1-0680,1,"[13, 38]",779.8610954475855,782.3372598653779,2.476164417792347
664,FRQJE1-0690,2,"[50, 77]",779.8610954475855,782.7741494807016,2.9130540331160546
660,FRQJE1-0650,4,"[18, 53]",779.8610954475855,782.3128002594218,2.4517048118362936
665,B-24,0,[],782.7741494807016,782.7741494807016,0.0
669,FRQJE1-0360,4,"[32, 87]",782.7741494807016,785.1387884775793,2.3646389968777157
672,FRQJE1-0390,3,"[75, 35]",782.7741494807016,785.1967816436055,2.4226321629039376
668,FRQJE1-0350,5,"[4, 29]",782.7741494807016,785.2212444194724,2.4470949387708743
670,FRQJE1-0370,5,"[78, 42]",782.7741494807016,785.3826737192475,2.608524238545897
671,FRQJE1-0380,1,"[93, 40]",782.7741494807016,789.8817395320948,7.107590051393231
666,FRQJE1-0330,5,"[15, 29]",785.2212444194724,787.6846714194046,2.463426999932153
667,FRQJE1-0340,3,"[81, 91]",782.7741494807016,784.9446240235058,2.170474542804186
673,FRQJE1-0400,1,"[51, 13]",782.7741494807016,784.926036649058,2.1518871683564385
674,B-25,0,[],789.8817395320948,789.8817395320948,0.0
688,BRHSC1-0620,1,"[51, 40]",789.8817395320948,791.3941818602733,1.5124423281785084
687,BRHSG1-0610,4,"[53, 87]",789.8817395320948,790.4799111328208,0.5981716007260047
680,BRWCA1-0540,4,"[87, 19]",790.4799111328208,792.2205717362541,1.740660603433298
684,BRWCG1-0580,2,"[33, 59]",789.8817395320948,792.498501343717,2.6167618116221547
692,BRHSC1-1100,1,"[12, 13]",789.8817395320948,791.504275612821,1.6225360807261495
683,BRHSG1-0570,2,"[47, 50]",789.8817395320948,790.8996123515464,1.0178728194515543
677,BRHSA1-0510,5,"[4, 78]",789.8817395320948,790.974358827645,1.0926192955502074
675,BRHSA1-0490,4,"[87, 19]",792.2205717362541,794.1902667416988,1.9696950054446916
689,BRHSC1-0630,3,"[21, 70]",789.8817395320948,846.6912792566338,56.809539724539036
685,BRHSG1-0590,5,"[0, 15]",789.8817395320948,790.9536856997238,1.0719461676289939
678,BRHSA1-0520,1,"[12, 13]",791.504275612821,792.6197691758757,1.1154935630547698
681,BRWCA1-0550,1,"[66, 40]",791.3941818602733,793.3264861851316,1.9323043248582508
679,BRWCA1-0530,4,"[53, 18]",790.4799111328208,791.9100721918736,1.430161059052807
690,BRHSC1-1080,5,"[5, 29]",789.8817395320948,836.525075496322,46.64333596422716
691,BRHSC1-1090,1,"[27, 1]",791.3941818602733,851.992548278524,60.59836641825075
676,BRHSA1-0500,1,"[38, 40]",793.3264861851316,795.5249611506654,2.198474965533819
693,BRHSC1-1110,2,"[22, 47]",790.8996123515464,844.0692167599921,53.16960440844571
686,BRHSG1-0600,1,"[38, 51]",795.5249611506654,797.6574006876439,2.132439536978495
682,BRWCA1-0560,2,"[22, 59]",844.0692167599921,846.9192369878491,2.850020227857044
694,BRHSC1-1120,5,"[15, 5]",836.525075496322,837.8814051225407,1.3563296262187805
695,B-26,0,[],851.992548278524,851.992548278524,0.0
705,CLHX00-0270,5,"[15, 42]",851.992548278524,855.408599879179,3.416051600654896
703,CLQS00-0250,1,"[1, 51]",851.992548278524,855.9968627707152,4.004314492191156
711,CLHX00-0330,2,"[22, 59]",851.992548278524,856.4020132754658,4.409464996941779
710,CLHS00-0320,4,"[53, 19]",851.992548278524,856.0027322558408,4.0101839773167285
699,CLQX00-0380,4,"[32, 19]",856.0027322558408,861.9004727248787,5.897740469037899
700,CLHX00-0390,4,"[18, 32]",861.9004727248787,868.0570631241116,6.1565903992328685
702,CLHS00-0630,2,"[77, 50]",851.992548278524,859.3965602027305,7.404011924206429
696,CLQX00-0030,4,"[32, 19]",868.0570631241116,873.9548035931494,5.897740469037899
707,CLQS00-0290,2,"[33, 50]",859.3965602027305,860.9856213170206,1.5890611142900752
708,CLHX00-0300,4,"[19, 53]",873.9548035931494,876.7912753461169,2.836471752967441
697,CLHX00-0040,4,"[18, 19]",876.7912753461169,879.3208014694922,2.5295261233752626
709,CLHX00-0310,4,"[32, 18]",879.3208014694922,883.4588376079103,4.1380361384181015
706,CLHX00-0280,2,"[22, 77]",859.3965602027305,862.8669229441995,3.470362741468989
704,CLQX00-0260,5,"[78, 15]",855.408599879179,859.5075633341152,4.098963454936211
698,CLWBA2-0050,3,"[91, 71]",851.992548278524,854.8546226220521,2.862074343528093
701,CLHX00-0620,4,"[32, 87]",883.4588376079103,884.247050587294,0.7882129793837294
712,B-27,0,[],884.247050587294,884.247050587294,0.0
714,FJQJ00-0600,1,"[66, 12]",884.247050587294,885.5595858265464,1.3125352392523837
715,FJQJ00-0610,3,"[65, 70]",884.247050587294,885.6006831731353,1.3536325858412965
713,FJQJ00-0590,5,"[0, 15]",884.247050587294,885.9847317220014,1.7376811347073726
